{"cameraMode":{"drawMode":0,"name":"Shaded","section":"Shading Mode"},"sceneLighting":false,"audioPlay":false,"sceneViewState":{"showFog":true,"showMaterialUpdate":true,"showSkybox":true,"showFlares":true,"showImageEffects":true,"showParticleSystems":true},"in2DMode":false,"pivot":{"x":-7.9705328941345219,"y":1.1430461406707764,"z":-9.77131175994873},"rotation":{"x":-0.09548317641019821,"y":0.8522053956985474,"z":-0.167268306016922,"w":-0.4864671528339386},"size":27.41600227355957,"orthographic":false}