{"cameraMode":{"drawMode":0,"name":"Shaded","section":"Shading Mode"},"sceneLighting":true,"audioPlay":false,"sceneViewState":{"showFog":true,"showMaterialUpdate":true,"showSkybox":true,"showFlares":true,"showImageEffects":true,"showParticleSystems":true},"in2DMode":false,"pivot":{"x":0.9187589287757874,"y":0.5750296115875244,"z":-0.8500643968582153},"rotation":{"x":-0.0006057955324649811,"y":-0.9973510503768921,"z":0.07225237786769867,"w":-0.008373553864657879},"size":2.9334521293640138,"orthographic":false}