{"cameraMode":{"drawMode":0,"name":"Shaded","section":"Shading Mode"},"sceneLighting":true,"audioPlay":false,"sceneViewState":{"showFog":true,"showMaterialUpdate":true,"showSkybox":true,"showFlares":true,"showImageEffects":true,"showParticleSystems":true},"in2DMode":false,"pivot":{"x":-0.33520710468292239,"y":-0.6501691341400147,"z":-2.504366874694824},"rotation":{"x":0.02521483600139618,"y":-0.9689905047416687,"z":0.21904505789279939,"w":0.11153935641050339},"size":4.445969104766846,"orthographic":false}